{"cameraMode":{"drawMode":0,"name":"Shaded","section":"Shading Mode"},"sceneLighting":true,"audioPlay":false,"sceneViewState":{"m_AlwaysRefresh":false,"showFog":true,"showSkybox":true,"showFlares":true,"showImageEffects":true,"showParticleSystems":true,"showVisualEffectGraphs":true,"m_FxEnabled":true},"in2DMode":false,"pivot":{"x":271.3254699707031,"y":197.67599487304688,"z":243.82138061523438},"rotation":{"x":0.024203207343816758,"y":0.8044922351837158,"z":-0.03284287825226784,"w":0.5925065875053406},"size":12.12435531616211,"orthographic":false}