{"cameraMode":{"drawMode":0,"name":"Shaded","section":"Shading Mode"},"sceneLighting":true,"audioPlay":false,"sceneViewState":{"m_AlwaysRefresh":false,"showFog":true,"showSkybox":true,"showFlares":true,"showImageEffects":true,"showParticleSystems":true,"showVisualEffectGraphs":true,"m_FxEnabled":true},"in2DMode":false,"pivot":{"x":26.968425750732423,"y":-45.40142059326172,"z":-3.4720001220703127},"rotation":{"x":0.14840112626552583,"y":0.17989592254161836,"z":-0.027464689686894418,"w":0.972039520740509},"size":258.27020263671877,"orthographic":false}