{"cameraMode":{"drawMode":0,"name":"Shaded","section":"Shading Mode"},"sceneLighting":true,"audioPlay":false,"sceneViewState":{"m_AlwaysRefresh":false,"showFog":true,"showSkybox":true,"showFlares":true,"showImageEffects":true,"showParticleSystems":true,"showVisualEffectGraphs":true,"m_FxEnabled":true},"in2DMode":false,"pivot":{"x":254.87403869628907,"y":198.73728942871095,"z":258.8611755371094},"rotation":{"x":0.04982342571020126,"y":0.3379462957382202,"z":-0.017392225563526155,"w":0.9393391013145447},"size":5.865993022918701,"orthographic":false}